-- MySQL dump 10.13  Distrib 8.0.34, for Win64 (x86_64)
--
-- Host: localhost    Database: ecommerce-admin
-- ------------------------------------------------------
-- Server version	8.0.34

/*!40101 SET @OLD_CHARACTER_SET_CLIENT=@@CHARACTER_SET_CLIENT */;
/*!40101 SET @OLD_CHARACTER_SET_RESULTS=@@CHARACTER_SET_RESULTS */;
/*!40101 SET @OLD_COLLATION_CONNECTION=@@COLLATION_CONNECTION */;
/*!50503 SET NAMES utf8 */;
/*!40103 SET @OLD_TIME_ZONE=@@TIME_ZONE */;
/*!40103 SET TIME_ZONE='+00:00' */;
/*!40014 SET @OLD_UNIQUE_CHECKS=@@UNIQUE_CHECKS, UNIQUE_CHECKS=0 */;
/*!40014 SET @OLD_FOREIGN_KEY_CHECKS=@@FOREIGN_KEY_CHECKS, FOREIGN_KEY_CHECKS=0 */;
/*!40101 SET @OLD_SQL_MODE=@@SQL_MODE, SQL_MODE='NO_AUTO_VALUE_ON_ZERO' */;
/*!40111 SET @OLD_SQL_NOTES=@@SQL_NOTES, SQL_NOTES=0 */;

--
-- Table structure for table `author`
--

DROP TABLE IF EXISTS `author`;
/*!40101 SET @saved_cs_client     = @@character_set_client */;
/*!50503 SET character_set_client = utf8mb4 */;
CREATE TABLE `author` (
  `id` varchar(191) COLLATE utf8mb4_unicode_ci NOT NULL,
  `storeId` varchar(191) COLLATE utf8mb4_unicode_ci NOT NULL,
  `name` varchar(191) COLLATE utf8mb4_unicode_ci NOT NULL,
  `createdAt` datetime(3) NOT NULL DEFAULT CURRENT_TIMESTAMP(3),
  `updatedAt` datetime(3) NOT NULL,
  PRIMARY KEY (`id`),
  KEY `Author_storeId_idx` (`storeId`),
  CONSTRAINT `Author_storeId_fkey` FOREIGN KEY (`storeId`) REFERENCES `store` (`id`) ON DELETE RESTRICT ON UPDATE CASCADE
) ENGINE=InnoDB DEFAULT CHARSET=utf8mb4 COLLATE=utf8mb4_unicode_ci;
/*!40101 SET character_set_client = @saved_cs_client */;

--
-- Dumping data for table `author`
--

LOCK TABLES `author` WRITE;
/*!40000 ALTER TABLE `author` DISABLE KEYS */;
INSERT INTO `author` VALUES ('05744186-e83f-42d3-8999-ebb5225b0d2d','831ff912-09c5-4d6f-93d5-016aefb97217','Tatsuya Endo','2023-12-08 03:54:56.809','2023-12-08 05:26:33.496'),('05b92a38-1ba6-4205-ad42-040868bb8d8c','831ff912-09c5-4d6f-93d5-016aefb97217','HERO','2023-12-08 05:30:00.510','2023-12-08 05:30:00.510'),('082b9094-c7a9-4014-9c17-2d5241c6c1ea','831ff912-09c5-4d6f-93d5-016aefb97217','Koyoharu Gotouge','2023-12-04 02:51:08.869','2023-12-04 02:51:08.869'),('3c919b0b-8d7a-43b3-8441-e2111edc2a7c','831ff912-09c5-4d6f-93d5-016aefb97217','Muneyuki Kaneshiro','2023-12-05 13:35:55.397','2023-12-05 13:35:55.397'),('3cf45bd5-a5cb-498f-8b0c-71ccddf8a49a','831ff912-09c5-4d6f-93d5-016aefb97217','Fujimoto Tatsuki ','2023-12-08 07:27:37.707','2023-12-08 07:27:37.707'),('520f4997-372c-4cb1-a59f-213db7344b5c','831ff912-09c5-4d6f-93d5-016aefb97217','Fujiko F Fujio','2023-12-08 05:46:17.667','2023-12-08 05:46:17.667'),('52f3f196-8dc3-4840-b301-54a8a82adf31','831ff912-09c5-4d6f-93d5-016aefb97217','ONE ','2023-12-08 05:16:43.498','2023-12-08 05:16:43.498'),('6316882d-8a6a-476f-9ba3-297f8c8d467b','831ff912-09c5-4d6f-93d5-016aefb97217','Dubu (Redice Studio), Chugong','2023-12-08 05:21:37.124','2023-12-08 05:21:37.124'),('65e6d2d4-9ea3-4957-883e-5395792c38b8','831ff912-09c5-4d6f-93d5-016aefb97217','Eiichiro Oda','2023-12-08 05:05:43.763','2023-12-08 05:05:43.763'),('73342e63-1702-4316-94a8-cc3617f25754','831ff912-09c5-4d6f-93d5-016aefb97217','Kouji Miura','2023-12-05 13:33:50.800','2023-12-05 13:33:55.918'),('7b2531a3-9f12-4285-aba6-d5b9304cde32','831ff912-09c5-4d6f-93d5-016aefb97217','Kohei Horikoshi','2023-12-08 05:41:36.364','2023-12-08 05:41:36.364'),('a35cb704-7dc1-41ed-a558-411e553992e5','831ff912-09c5-4d6f-93d5-016aefb97217','Gosho Aoyama','2023-12-05 13:34:45.451','2023-12-05 13:34:45.451'),('b063c34c-81f8-4e64-a377-735974c65040','831ff912-09c5-4d6f-93d5-016aefb97217','Toriyama Akira','2023-12-08 02:52:02.471','2023-12-08 02:52:02.471');
/*!40000 ALTER TABLE `author` ENABLE KEYS */;
UNLOCK TABLES;

--
-- Table structure for table `billboard`
--

DROP TABLE IF EXISTS `billboard`;
/*!40101 SET @saved_cs_client     = @@character_set_client */;
/*!50503 SET character_set_client = utf8mb4 */;
CREATE TABLE `billboard` (
  `id` varchar(191) COLLATE utf8mb4_unicode_ci NOT NULL,
  `storeId` varchar(191) COLLATE utf8mb4_unicode_ci NOT NULL,
  `label` varchar(191) COLLATE utf8mb4_unicode_ci NOT NULL,
  `imageUrl` varchar(191) COLLATE utf8mb4_unicode_ci NOT NULL,
  `createdAt` datetime(3) NOT NULL DEFAULT CURRENT_TIMESTAMP(3),
  `updatedAt` datetime(3) NOT NULL,
  PRIMARY KEY (`id`),
  KEY `Billboard_storeId_idx` (`storeId`),
  CONSTRAINT `Billboard_storeId_fkey` FOREIGN KEY (`storeId`) REFERENCES `store` (`id`) ON DELETE RESTRICT ON UPDATE CASCADE
) ENGINE=InnoDB DEFAULT CHARSET=utf8mb4 COLLATE=utf8mb4_unicode_ci;
/*!40101 SET character_set_client = @saved_cs_client */;

--
-- Dumping data for table `billboard`
--

LOCK TABLES `billboard` WRITE;
/*!40000 ALTER TABLE `billboard` DISABLE KEYS */;
INSERT INTO `billboard` VALUES ('02aa935e-0332-4f67-8b2a-c053b73758ab','831ff912-09c5-4d6f-93d5-016aefb97217','SCI - FI','https://res.cloudinary.com/deytuf3yw/image/upload/v1702014764/njtt7wqaclxjmljwnt6c.jpg','2023-12-08 05:52:50.072','2023-12-08 05:52:50.072'),('1163793d-de11-461e-a103-543a837e0227','831ff912-09c5-4d6f-93d5-016aefb97217','ADVENTURE','https://res.cloudinary.com/deytuf3yw/image/upload/v1702012462/hqfwu8oq4uulcwqhp1tn.jpg','2023-12-08 05:14:25.388','2023-12-08 05:14:25.388'),('2c8e73e0-6bb6-4c42-a1f6-e4db58fbc3af','831ff912-09c5-4d6f-93d5-016aefb97217','FANTASY','https://res.cloudinary.com/deytuf3yw/image/upload/v1702004174/cj2cd68nq4jzfvlbeqwk.jpg','2023-12-08 02:42:21.638','2023-12-08 03:50:08.315'),('530f6364-1acf-4702-a044-288416b2ae7e','831ff912-09c5-4d6f-93d5-016aefb97217','SPORT','https://res.cloudinary.com/deytuf3yw/image/upload/v1701968483/az7jkfk89dd36xvki7o2.jpg','2023-12-07 17:01:27.319','2023-12-07 17:01:27.319'),('58ec55b4-c73e-406f-8aba-a1a31f517506','831ff912-09c5-4d6f-93d5-016aefb97217','HOME','https://res.cloudinary.com/deytuf3yw/image/upload/v1701658230/f32k4rtorydttbzen5w7.png','2023-12-04 02:50:37.572','2023-12-04 02:50:37.572'),('9f141bd5-5df1-4c99-8c65-6b28bb374626','831ff912-09c5-4d6f-93d5-016aefb97217','SLICE OF LIFE','https://res.cloudinary.com/deytuf3yw/image/upload/v1702013934/apctozaifm0exr0uteds.jpg','2023-12-08 05:38:55.858','2023-12-08 05:38:55.858'),('b284da09-1a2f-47d4-9904-50731f853d23','831ff912-09c5-4d6f-93d5-016aefb97217','ACTION','https://res.cloudinary.com/deytuf3yw/image/upload/v1702014623/nwbwnafap0r1h3oqgrhz.jpg','2023-12-08 05:50:25.367','2023-12-08 05:50:25.367'),('cc9c6bf6-b5cf-4d62-b37f-82b77822a076','831ff912-09c5-4d6f-93d5-016aefb97217','DETECTIVE','https://res.cloudinary.com/deytuf3yw/image/upload/v1702002865/pcncq5p1errunsg9ni09.jpg','2023-12-05 14:51:27.790','2023-12-08 02:34:27.235'),('fc9b2c63-982c-486a-b8af-5fddb75facd9','831ff912-09c5-4d6f-93d5-016aefb97217','ROMANCE','https://res.cloudinary.com/deytuf3yw/image/upload/v1702020335/w9aphwhkzxx9hwrzo2hk.jpg','2023-12-08 05:35:53.139','2023-12-08 07:25:56.158');
/*!40000 ALTER TABLE `billboard` ENABLE KEYS */;
UNLOCK TABLES;

--
-- Table structure for table `category`
--

DROP TABLE IF EXISTS `category`;
/*!40101 SET @saved_cs_client     = @@character_set_client */;
/*!50503 SET character_set_client = utf8mb4 */;
CREATE TABLE `category` (
  `id` varchar(191) COLLATE utf8mb4_unicode_ci NOT NULL,
  `storeId` varchar(191) COLLATE utf8mb4_unicode_ci NOT NULL,
  `billboardId` varchar(191) COLLATE utf8mb4_unicode_ci NOT NULL,
  `name` varchar(191) COLLATE utf8mb4_unicode_ci NOT NULL,
  `createdAt` datetime(3) NOT NULL DEFAULT CURRENT_TIMESTAMP(3),
  `updatedAt` datetime(3) NOT NULL,
  PRIMARY KEY (`id`),
  KEY `Category_storeId_idx` (`storeId`),
  KEY `Category_billboardId_idx` (`billboardId`),
  CONSTRAINT `Category_billboardId_fkey` FOREIGN KEY (`billboardId`) REFERENCES `billboard` (`id`) ON DELETE RESTRICT ON UPDATE CASCADE,
  CONSTRAINT `Category_storeId_fkey` FOREIGN KEY (`storeId`) REFERENCES `store` (`id`) ON DELETE RESTRICT ON UPDATE CASCADE
) ENGINE=InnoDB DEFAULT CHARSET=utf8mb4 COLLATE=utf8mb4_unicode_ci;
/*!40101 SET character_set_client = @saved_cs_client */;

--
-- Dumping data for table `category`
--

LOCK TABLES `category` WRITE;
/*!40000 ALTER TABLE `category` DISABLE KEYS */;
INSERT INTO `category` VALUES ('14eb3e7e-55ea-4d8f-8647-b67f95131150','831ff912-09c5-4d6f-93d5-016aefb97217','02aa935e-0332-4f67-8b2a-c053b73758ab','Sci-fi','2023-12-08 03:07:46.767','2023-12-08 05:52:57.806'),('1cff90d1-19b0-4fcb-9a79-9a7e860ef6ae','831ff912-09c5-4d6f-93d5-016aefb97217','b284da09-1a2f-47d4-9904-50731f853d23','Action','2023-12-08 03:06:50.501','2023-12-08 05:50:37.451'),('3ddd5d24-7137-44ab-bfff-54d335452ed9','831ff912-09c5-4d6f-93d5-016aefb97217','cc9c6bf6-b5cf-4d62-b37f-82b77822a076','Detective','2023-12-05 13:35:01.965','2023-12-07 17:02:07.966'),('8b210065-5a98-4cc5-a572-8696daf40b1a','831ff912-09c5-4d6f-93d5-016aefb97217','9f141bd5-5df1-4c99-8c65-6b28bb374626','Slice of life','2023-12-08 03:07:10.465','2023-12-08 05:39:09.281'),('b9923b1f-c4e1-4644-a435-dbb9d6e3ebd2','831ff912-09c5-4d6f-93d5-016aefb97217','1163793d-de11-461e-a103-543a837e0227','Adventure','2023-12-08 03:05:56.812','2023-12-08 05:14:32.918'),('c5358aeb-d275-4589-a68f-5561dc0b0a62','831ff912-09c5-4d6f-93d5-016aefb97217','2c8e73e0-6bb6-4c42-a1f6-e4db58fbc3af','Fantasy','2023-12-08 02:40:31.079','2023-12-08 02:42:33.250'),('df975487-ddc8-44b5-a591-8e1c45a0dc83','831ff912-09c5-4d6f-93d5-016aefb97217','530f6364-1acf-4702-a044-288416b2ae7e','Sport','2023-12-04 02:50:57.409','2023-12-07 17:01:52.865'),('fa29dcad-b5b1-4940-8a71-8182edfe4692','831ff912-09c5-4d6f-93d5-016aefb97217','b284da09-1a2f-47d4-9904-50731f853d23','Romance','2023-12-08 03:06:13.954','2023-12-08 07:26:51.178');
/*!40000 ALTER TABLE `category` ENABLE KEYS */;
UNLOCK TABLES;

--
-- Table structure for table `image`
--

DROP TABLE IF EXISTS `image`;
/*!40101 SET @saved_cs_client     = @@character_set_client */;
/*!50503 SET character_set_client = utf8mb4 */;
CREATE TABLE `image` (
  `id` varchar(191) COLLATE utf8mb4_unicode_ci NOT NULL,
  `productId` varchar(191) COLLATE utf8mb4_unicode_ci NOT NULL,
  `url` varchar(191) COLLATE utf8mb4_unicode_ci NOT NULL,
  `createdAt` datetime(3) NOT NULL DEFAULT CURRENT_TIMESTAMP(3),
  `updatedAt` datetime(3) NOT NULL,
  PRIMARY KEY (`id`),
  KEY `Image_productId_idx` (`productId`),
  CONSTRAINT `Image_productId_fkey` FOREIGN KEY (`productId`) REFERENCES `product` (`id`) ON DELETE CASCADE ON UPDATE CASCADE
) ENGINE=InnoDB DEFAULT CHARSET=utf8mb4 COLLATE=utf8mb4_unicode_ci;
/*!40101 SET character_set_client = @saved_cs_client */;

--
-- Dumping data for table `image`
--

LOCK TABLES `image` WRITE;
/*!40000 ALTER TABLE `image` DISABLE KEYS */;
INSERT INTO `image` VALUES ('01e99af4-bf4f-4c6c-ae6b-dc44173e342d','6c64bb60-dd2f-425c-93ae-11f4cfe6fe44','https://res.cloudinary.com/deytuf3yw/image/upload/v1702013258/zgyau0xhcfj517zdmnjy.jpg','2023-12-08 05:28:00.738','2023-12-08 05:28:00.738'),('063bc97b-3cb2-475b-92df-031146837609','1195e78d-dd22-4b51-84e4-eab025a331aa','https://res.cloudinary.com/deytuf3yw/image/upload/v1702002756/llo2p9bitqjhzmltaa6e.jpg','2023-12-08 02:33:07.554','2023-12-08 02:33:07.554'),('0ce1a55d-be9e-474d-91e0-5b68b34ff41b','1bed4ecc-9531-477e-b33f-21dba4a0abc0','https://res.cloudinary.com/deytuf3yw/image/upload/v1702001921/exsglqr9qfofvixe3jqa.png','2023-12-08 06:12:57.641','2023-12-08 06:12:57.641'),('0d61b705-d389-4695-b037-9e33faed13d5','1fbc9c28-9e53-40b2-967f-1ff7c4a871e3','https://res.cloudinary.com/deytuf3yw/image/upload/v1702012752/yl5btd0ovp0g7gu8yepz.jpg','2023-12-08 05:19:25.702','2023-12-08 05:19:25.702'),('13ac5886-bdc2-48a0-b777-07c933cec60f','8ac4347b-db4c-44b5-8441-725c7cf2180f','https://res.cloudinary.com/deytuf3yw/image/upload/v1702012150/iuxyht7ri19cg5p97iky.jpg','2023-12-08 05:09:12.278','2023-12-08 05:09:12.278'),('15cb1361-b404-46d4-bbed-b379a00096f6','b4711d8e-3aab-4ac7-b11a-f96c48fbd4ad','https://res.cloudinary.com/deytuf3yw/image/upload/v1702012810/uxvsphlokevzxsawzbye.jpg','2023-12-08 05:20:13.171','2023-12-08 05:20:13.171'),('15e04b51-5c02-4b42-ab71-a73fcb487930','b7aae59f-74f3-4eb5-974c-434e4427c002','https://res.cloudinary.com/deytuf3yw/image/upload/v1702012351/eklruqsk0xi4avae1xmk.jpg','2023-12-08 05:12:59.595','2023-12-08 05:12:59.595'),('191dfa6a-50bb-47ef-ba5e-94b31d288436','04e0c0c4-764a-4dd7-822b-68508d2ed5d2','https://res.cloudinary.com/deytuf3yw/image/upload/v1702002241/f0yvqj5yranyciv95fpt.jpg','2023-12-08 02:57:40.009','2023-12-08 02:57:40.009'),('215f3e18-7cfc-49f1-88a5-5d6973d8c2cf','f97d00b5-d55c-415c-ade9-e8138ab6f3b5','https://res.cloudinary.com/deytuf3yw/image/upload/v1702012097/timvyyarudmeswwlh8hz.jpg','2023-12-08 05:08:30.964','2023-12-08 05:08:30.964'),('2fcaa358-3f6b-4b3e-8141-bccbed03a8c2','95d99c65-7994-43bc-a33f-13baf68cad4e','https://res.cloudinary.com/deytuf3yw/image/upload/v1702004014/gaeijmqgf9ria60vnmfp.jpg','2023-12-08 02:53:45.783','2023-12-08 02:53:45.783'),('333787f9-c0a9-4d4b-85c6-c2f569538839','1e1e65f3-9933-4586-a83f-356e339c6290','https://res.cloudinary.com/deytuf3yw/image/upload/v1702003138/xu8mp5atxyycrghhimfh.jpg','2023-12-08 02:39:03.453','2023-12-08 02:39:03.453'),('423ccf69-5a40-482d-8933-263628a72ebc','e9cbb7c5-7baa-4bff-8393-88705d43bd87','https://res.cloudinary.com/deytuf3yw/image/upload/v1702013052/zuavlqcmoeniijrdimo1.jpg','2023-12-08 05:24:28.561','2023-12-08 05:24:28.561'),('50b599f0-8c98-40de-9011-146cc048e084','a687cc76-fa5d-45ab-97d4-ee44f2953692','https://res.cloudinary.com/deytuf3yw/image/upload/v1702012986/lpozwp9ckvqvgs2uk3nq.jpg','2023-12-08 05:23:10.246','2023-12-08 05:23:10.246'),('52bc2569-3c97-4087-b15c-5c9cdfe8c8fb','b7aae59f-74f3-4eb5-974c-434e4427c002','https://res.cloudinary.com/deytuf3yw/image/upload/v1702012364/wdmyj2kbapzhjmpl2czs.jpg','2023-12-08 05:12:59.595','2023-12-08 05:12:59.595'),('541e7267-da43-4014-894b-1407d8676f71','a6901eae-faff-49e9-ac39-b6e7fd29cca8','https://res.cloudinary.com/deytuf3yw/image/upload/v1702014191/h3rsf4til9isvrz3yqxw.jpg','2023-12-08 05:43:15.232','2023-12-08 05:43:15.232'),('59ecba93-dbd5-4111-acb9-e8765c08d567','a6f2a1a3-6d62-4dc2-82ec-57c0d2587b3c','https://res.cloudinary.com/deytuf3yw/image/upload/v1702014399/tzoizeuznyj30u28tlyy.jpg','2023-12-08 05:47:22.369','2023-12-08 05:47:22.369'),('5cdf1036-1dd3-4acc-a231-79fe48016f04','6701b8f0-88f7-46df-bf2b-9eabd7f0c71b','https://res.cloudinary.com/deytuf3yw/image/upload/v1702012654/l4xohkxtzsohpkqnpkem.jpg','2023-12-08 05:18:32.172','2023-12-08 05:18:32.172'),('5ecb0c0f-524e-42f6-acd2-b5ff55d02b2d','b802ed56-8ae8-43cb-b0f6-507a45ca204a','https://res.cloudinary.com/deytuf3yw/image/upload/v1702020521/l5luvqpkm0kzua1v7hmg.jpg','2023-12-08 07:29:53.858','2023-12-08 07:29:53.858'),('6420887b-fd3c-4c0b-9ed8-3c7727808324','a91e7241-4f70-4bbf-9813-63ec25388dc7','https://res.cloudinary.com/deytuf3yw/image/upload/v1702003687/qxubw0g8ggxqizu0cdi1.jpg','2023-12-08 02:48:13.235','2023-12-08 02:48:13.235'),('66e2a116-c4fe-4b84-a02e-7ff4987a729a','a81526d3-5c29-484e-9747-ae3e0a3e66e3','https://res.cloudinary.com/deytuf3yw/image/upload/v1702011975/dhywo0lt1cyjsjeh0gdh.jpg','2023-12-08 05:07:43.331','2023-12-08 05:07:43.331'),('6e03e856-2e14-4a37-beb9-5a20161d474d','a687cc76-fa5d-45ab-97d4-ee44f2953692','https://res.cloudinary.com/deytuf3yw/image/upload/v1702012979/oysmurbynrddhybx5isw.jpg','2023-12-08 05:23:10.246','2023-12-08 05:23:10.246'),('723d948b-ed09-40cd-8bbf-dd6d15660d15','b55d4df3-9195-4b6c-a88a-138d5d782dc9','https://res.cloudinary.com/deytuf3yw/image/upload/v1702002102/wcrvreicfovudmgqw3dn.png','2023-12-08 06:12:45.066','2023-12-08 06:12:45.066'),('771518e9-7428-4435-910f-813994795143','10fab9bd-2002-4497-a6b6-2bcb7afba6ec','https://res.cloudinary.com/deytuf3yw/image/upload/v1702012182/xwv8kncdh9t0rqaxjs3m.jpg','2023-12-08 05:09:50.007','2023-12-08 05:09:50.007'),('786e25f6-5695-48a7-8316-331bf2009d1a','824b6991-cebf-4a32-b3ea-d194b9675a05','https://res.cloudinary.com/deytuf3yw/image/upload/v1701658309/v65hvosptsgxsbpln47l.jpg','2023-12-08 02:26:50.271','2023-12-08 02:26:50.271'),('7e8bfc4a-f41b-4004-9f8d-4190d7e3e8d9','b55d4df3-9195-4b6c-a88a-138d5d782dc9','https://res.cloudinary.com/deytuf3yw/image/upload/v1702002087/fvsudjwnh2moac58dfxh.png','2023-12-08 06:12:45.066','2023-12-08 06:12:45.066'),('82a8e035-565b-4449-8575-0338c8628581','288117bc-2341-4bee-bce9-8f2119d8d7c9','https://res.cloudinary.com/deytuf3yw/image/upload/v1702013097/mkd2vx1qn6dhdvarjlbu.jpg','2023-12-08 05:25:00.274','2023-12-08 05:25:00.274'),('83f19522-e08c-4839-8813-b196fe7c8f02','04e0c0c4-764a-4dd7-822b-68508d2ed5d2','https://res.cloudinary.com/deytuf3yw/image/upload/v1702002252/mkynslkij3kvmxk2bbi6.png','2023-12-08 02:57:40.009','2023-12-08 02:57:40.009'),('8698d469-4b17-4970-8a26-3f2eaca3a1ee','5714a769-2084-4f40-81d5-253d20746742','https://res.cloudinary.com/deytuf3yw/image/upload/v1702003935/mala5oywoy1pnvm6rmdl.jpg','2023-12-08 02:53:00.770','2023-12-08 02:53:00.770'),('8b839421-fdaf-4737-8ec5-ab094cbab1b5','bf67920e-fdca-4d2b-879a-adceeefe471c','https://res.cloudinary.com/deytuf3yw/image/upload/v1702012235/gksm6zjrzlmiu7pthfpr.jpg','2023-12-08 05:10:37.275','2023-12-08 05:10:37.275'),('8e5182e4-2394-410a-8d0d-0191c2d2b76f','b7aae59f-74f3-4eb5-974c-434e4427c002','https://res.cloudinary.com/deytuf3yw/image/upload/v1702012345/zohka6ul6pye9pzv2vbj.jpg','2023-12-08 05:12:59.595','2023-12-08 05:12:59.595'),('8f7d08f0-d307-4f09-847e-31e6c74d6df0','1f508241-add3-40aa-aca8-ff9105277d7a','https://res.cloudinary.com/deytuf3yw/image/upload/v1701783499/vozodrk7ukdyrho59rq2.jpg','2023-12-08 02:04:58.766','2023-12-08 02:04:58.766'),('a77da1b1-be27-419c-8865-17b7a017bfab','eabecad6-34a7-4e6f-b113-2384386a63bd','https://res.cloudinary.com/deytuf3yw/image/upload/v1702002667/iuvydxcudjtzsqcmwzlt.jpg','2023-12-08 02:31:28.984','2023-12-08 02:31:28.984'),('af926f1a-19b9-493c-a81a-e6dd2a22b130','3c9638e0-d954-451c-9804-364d64b93dad','https://res.cloudinary.com/deytuf3yw/image/upload/v1702007805/c3q5q88pimxab5gcumnk.jpg','2023-12-08 05:27:08.621','2023-12-08 05:27:08.621'),('b397b51d-d76c-4f33-a411-44cc2ec7953a','e08ee534-0c97-4595-8d72-ae81a6008f09','https://res.cloudinary.com/deytuf3yw/image/upload/v1702014490/q8ixh8egs6his2mjws7s.jpg','2023-12-08 05:48:12.425','2023-12-08 05:48:12.425'),('bd9216cc-b181-46c3-b6e8-a12789331a02','cf5ace4a-bb19-4731-b5e9-8d4912283207','https://res.cloudinary.com/deytuf3yw/image/upload/v1702001824/kxp3psh3y6lhfq0j7rjx.png','2023-12-08 02:17:22.081','2023-12-08 02:17:22.081'),('bf57fd1e-7ed1-4029-87c0-c296f2dc7595','2918a00f-5763-43b5-925a-f1ca79e5820e','https://res.cloudinary.com/deytuf3yw/image/upload/v1702013418/ccs1necbeagnwufb0oaz.jpg','2023-12-08 05:33:27.951','2023-12-08 05:33:27.951'),('c08442c4-3e21-4b9b-8e8a-eac6c6a3c405','2918a00f-5763-43b5-925a-f1ca79e5820e','https://res.cloudinary.com/deytuf3yw/image/upload/v1702013415/jwqi6r4gnyrgldoavbqq.jpg','2023-12-08 05:33:27.951','2023-12-08 05:33:27.951'),('d236d8e5-3159-4bcb-84e3-8c38eeafbbfe','49c782e5-f4d0-4cec-9e61-bdf02d7df602','https://res.cloudinary.com/deytuf3yw/image/upload/v1702002651/fxiksiym9krf9ts6kbxc.jpg','2023-12-08 02:30:53.432','2023-12-08 02:30:53.432'),('d8606bc9-67f5-4884-8e31-5d75a401bca2','cf5ace4a-bb19-4731-b5e9-8d4912283207','https://res.cloudinary.com/deytuf3yw/image/upload/v1702001837/egog4vpisyzn7cepmcda.png','2023-12-08 02:17:22.081','2023-12-08 02:17:22.081'),('db574db8-819c-4f32-8577-f76d77896815','c7cafffa-3b87-4c73-9210-b97198fd6355','https://res.cloudinary.com/deytuf3yw/image/upload/v1702003745/xvmbgeft0ccmqkzntavu.jpg','2023-12-08 02:49:31.808','2023-12-08 02:49:31.808'),('e7edd84f-e868-4b20-a13e-8444d15ab5e3','d9ea6541-2998-4861-ae84-3259167e7a80','https://res.cloudinary.com/deytuf3yw/image/upload/v1702013669/iel9knhndp7xligdovta.jpg','2023-12-08 05:34:46.270','2023-12-08 05:34:46.270'),('e8153ef0-a8fb-4f82-8ee9-943509525eaa','b7ccb856-e96e-462e-92b6-685bc8f7a531','https://res.cloudinary.com/deytuf3yw/image/upload/v1702013642/lbku2uqz4gjppxa1kqpf.jpg','2023-12-08 05:34:04.803','2023-12-08 05:34:04.803'),('ec0c5004-1b80-4d32-beb8-d9b93d1494a5','04e0c0c4-764a-4dd7-822b-68508d2ed5d2','https://res.cloudinary.com/deytuf3yw/image/upload/v1702002252/jfm8lj3tallx4a8ngzui.jpg','2023-12-08 02:57:40.009','2023-12-08 02:57:40.009'),('fc5f19c3-3f27-461e-af4e-cf5381c465c7','e9cbb7c5-7baa-4bff-8393-88705d43bd87','https://res.cloudinary.com/deytuf3yw/image/upload/v1702013055/w9lcbva3wsnhngeusqsz.jpg','2023-12-08 05:24:28.561','2023-12-08 05:24:28.561');
/*!40000 ALTER TABLE `image` ENABLE KEYS */;
UNLOCK TABLES;

--
-- Table structure for table `order`
--

DROP TABLE IF EXISTS `order`;
/*!40101 SET @saved_cs_client     = @@character_set_client */;
/*!50503 SET character_set_client = utf8mb4 */;
CREATE TABLE `order` (
  `id` varchar(191) COLLATE utf8mb4_unicode_ci NOT NULL,
  `storeId` varchar(191) COLLATE utf8mb4_unicode_ci NOT NULL,
  `isPaid` tinyint(1) NOT NULL DEFAULT '0',
  `phone` varchar(191) COLLATE utf8mb4_unicode_ci NOT NULL DEFAULT '',
  `address` varchar(191) COLLATE utf8mb4_unicode_ci NOT NULL DEFAULT '',
  `createdAt` datetime(3) NOT NULL DEFAULT CURRENT_TIMESTAMP(3),
  `updatedAt` datetime(3) NOT NULL,
  PRIMARY KEY (`id`),
  KEY `Order_storeId_idx` (`storeId`),
  CONSTRAINT `Order_storeId_fkey` FOREIGN KEY (`storeId`) REFERENCES `store` (`id`) ON DELETE RESTRICT ON UPDATE CASCADE
) ENGINE=InnoDB DEFAULT CHARSET=utf8mb4 COLLATE=utf8mb4_unicode_ci;
/*!40101 SET character_set_client = @saved_cs_client */;

--
-- Dumping data for table `order`
--

LOCK TABLES `order` WRITE;
/*!40000 ALTER TABLE `order` DISABLE KEYS */;
INSERT INTO `order` VALUES ('02cef664-e4e5-4f94-904f-354d10d397f8','831ff912-09c5-4d6f-93d5-016aefb97217',0,'','','2023-12-07 16:03:58.426','2023-12-07 16:03:58.426'),('0c627f49-61c7-4399-88f9-251cbc192b0e','831ff912-09c5-4d6f-93d5-016aefb97217',1,'+84967439098','Xuan Thuy, Cau Giay, Ha Noi, HAN, VN','2023-12-07 09:46:36.209','2023-12-07 09:46:49.354'),('0d87cf3f-c421-448b-8ae9-1b41eb40e02c','831ff912-09c5-4d6f-93d5-016aefb97217',0,'','','2023-12-08 07:30:38.392','2023-12-08 07:30:38.392'),('11e3bad0-75b7-4211-b0fb-5ad9e74a32b5','831ff912-09c5-4d6f-93d5-016aefb97217',0,'','','2023-12-08 03:59:58.896','2023-12-08 03:59:58.896'),('15d6ff55-45f1-4118-aba5-82b9ba840206','831ff912-09c5-4d6f-93d5-016aefb97217',1,'+84967439098','Xuan Thuy, Cau Giay, Ha Noi, HAN, VN','2023-12-07 09:51:22.442','2023-12-07 09:51:35.748'),('28592ac7-f20a-453b-a92b-8023d04d8a5c','831ff912-09c5-4d6f-93d5-016aefb97217',1,'+84967439098','Xuan Thuy, Cau Giay, Ha Noi, HAN, VN','2023-12-08 05:58:13.899','2023-12-08 05:58:25.797'),('3be78469-e726-462a-84bd-f0128eb9b795','831ff912-09c5-4d6f-93d5-016aefb97217',1,'','','2023-12-05 15:17:34.832','2023-12-05 15:17:34.832'),('3edaf1d1-1aa5-485e-923d-efda2ab2d268','831ff912-09c5-4d6f-93d5-016aefb97217',1,'+84967439098','Xuan Thuy, Cau Giay, Ha Noi, HAN, VN','2023-12-07 10:30:07.642','2023-12-07 10:30:19.850'),('3f926eef-6554-4a82-828f-d2106aec25f5','831ff912-09c5-4d6f-93d5-016aefb97217',1,'+84967439098','Xuan Thuy, Cau Giay, Ha Noi, HAN, VN','2023-12-07 10:01:23.128','2023-12-07 10:01:35.773'),('4c5cb3d7-c7a7-471d-bec4-c18197321865','831ff912-09c5-4d6f-93d5-016aefb97217',0,'','','2023-12-08 04:00:54.938','2023-12-08 04:00:54.938'),('58e37a3d-031f-4629-b851-9558ed6fb398','831ff912-09c5-4d6f-93d5-016aefb97217',0,'','','2023-12-05 13:48:31.149','2023-12-05 13:48:31.149'),('6254440e-a62b-4023-9bec-552f3d04db47','831ff912-09c5-4d6f-93d5-016aefb97217',1,'+84967439098','Xuan Thuy, Cau Giay, Ha Noi, HAN, VN','2023-12-07 10:13:03.769','2023-12-07 10:13:17.001'),('62d2e1da-ec1e-412c-9521-4699a73695a6','831ff912-09c5-4d6f-93d5-016aefb97217',1,'+84967439098','Xuan Thuy, Cau Giay, Ha Noi, HAN, VN','2023-12-07 10:40:38.219','2023-12-07 10:40:52.164'),('69c3cb7b-7bb3-4c8c-873a-bcb5286471f7','831ff912-09c5-4d6f-93d5-016aefb97217',0,'','','2023-12-05 14:57:43.146','2023-12-05 14:57:43.146'),('6b9da8be-7072-4bfb-902a-8e5eb9483350','831ff912-09c5-4d6f-93d5-016aefb97217',0,'','','2023-12-07 09:41:57.632','2023-12-07 09:41:57.632'),('6cf37895-b03b-4db3-908e-0f6acc0ad54e','831ff912-09c5-4d6f-93d5-016aefb97217',1,'+84967439098','Xuan Thuy, Cau Giay, Ha Noi, HAN, VN','2023-12-07 09:44:55.329','2023-12-07 09:45:22.744'),('710bf139-e48e-4af0-8732-66b071b2077c','831ff912-09c5-4d6f-93d5-016aefb97217',0,'','','2024-04-23 10:55:42.480','2024-04-23 10:55:42.480'),('7ff8f2ae-ef2a-405a-845d-b25b01e1e811','831ff912-09c5-4d6f-93d5-016aefb97217',0,'','','2023-12-05 13:31:59.022','2023-12-05 13:31:59.022'),('8b2e955f-d744-43e4-a03d-80a185e3b0e2','831ff912-09c5-4d6f-93d5-016aefb97217',0,'','','2023-12-05 13:48:18.235','2023-12-05 13:48:18.235'),('98898402-3c75-4f60-ba2b-f5403c77ebdd','831ff912-09c5-4d6f-93d5-016aefb97217',0,'','','2023-12-05 14:56:34.982','2023-12-05 14:56:34.982'),('9cdcd2b1-f965-444f-b189-5e3ebfb14c3b','831ff912-09c5-4d6f-93d5-016aefb97217',1,'+84967439098','Xuan Thuy, Cau Giay, Ha Noi, HAN, VN','2023-12-07 10:02:52.843','2023-12-07 10:03:08.077'),('a1000bf2-2191-4ea6-addb-30114f74a11e','831ff912-09c5-4d6f-93d5-016aefb97217',0,'','','2024-05-10 15:50:31.015','2024-05-10 15:50:31.015'),('a7153678-e934-4f41-a562-b52014ec48e9','831ff912-09c5-4d6f-93d5-016aefb97217',0,'','','2023-12-05 13:31:41.530','2023-12-05 13:31:41.530'),('aa31de06-c85e-4617-9b7d-da3dafe1799c','831ff912-09c5-4d6f-93d5-016aefb97217',1,'+84967439098','Xuan Thuy, Cau Giay, Ha Noi, HAN, VN','2023-12-08 07:31:07.535','2023-12-08 07:31:48.710'),('ba8b19dd-46a4-4d08-8090-d749db4770b0','831ff912-09c5-4d6f-93d5-016aefb97217',0,'','','2023-12-07 09:40:08.951','2023-12-07 09:40:08.951'),('ca578fe1-566d-4190-a3eb-d79729feaa35','831ff912-09c5-4d6f-93d5-016aefb97217',1,'+84967439098','Xuan Thuy, Cau Giay, Ha Noi, HAN, VN','2023-12-07 10:16:31.556','2023-12-07 10:16:44.295'),('cd4e7103-ac0e-408d-9077-3ec0900ba78d','831ff912-09c5-4d6f-93d5-016aefb97217',1,'+84967439098','Xuan Thuy, Cau Giay, Ha Noi, HAN, VN','2023-12-07 10:27:43.261','2023-12-07 10:27:55.886'),('d1bbffd4-1037-49dc-b0ba-1d2c2981d960','831ff912-09c5-4d6f-93d5-016aefb97217',0,'','','2023-12-07 08:38:53.738','2023-12-07 08:38:53.738'),('d3ee5c8d-7892-4206-a0b3-85aca45e463b','831ff912-09c5-4d6f-93d5-016aefb97217',0,'','','2023-12-05 13:31:09.179','2023-12-05 13:31:09.179'),('d6444f73-6c0c-4465-a790-c46ef73497fc','831ff912-09c5-4d6f-93d5-016aefb97217',0,'','','2023-12-05 13:59:29.745','2023-12-05 13:59:29.745'),('e4585327-f93d-41f9-bffc-3f9970aa0b0b','831ff912-09c5-4d6f-93d5-016aefb97217',1,'+84967439098','Xuan Thuy, Cau Giay, Ha Noi, HAN, VN','2023-12-07 10:10:46.469','2023-12-07 10:11:00.217'),('e86acbf7-6c2c-41f6-b4b4-7e04848468ef','831ff912-09c5-4d6f-93d5-016aefb97217',1,'+84967439098','Xuan Thuy, Cau Giay, Ha Noi, HAN, VN','2023-12-07 10:19:24.477','2023-12-07 10:19:37.506'),('efded02c-8d5b-4786-a0c2-f4106b97b083','831ff912-09c5-4d6f-93d5-016aefb97217',0,'','','2024-05-10 16:39:15.547','2024-05-10 16:39:15.547'),('f50d1523-1fd5-41a0-9393-22f97bf913f3','831ff912-09c5-4d6f-93d5-016aefb97217',1,'+84967439098','Xuan Thuy, Cau Giay, Ha Noi, HAN, VN','2023-12-07 09:35:16.004','2023-12-07 09:35:42.145');
/*!40000 ALTER TABLE `order` ENABLE KEYS */;
UNLOCK TABLES;

--
-- Table structure for table `orderitem`
--

DROP TABLE IF EXISTS `orderitem`;
/*!40101 SET @saved_cs_client     = @@character_set_client */;
/*!50503 SET character_set_client = utf8mb4 */;
CREATE TABLE `orderitem` (
  `id` varchar(191) COLLATE utf8mb4_unicode_ci NOT NULL,
  `orderId` varchar(191) COLLATE utf8mb4_unicode_ci NOT NULL,
  `productId` varchar(191) COLLATE utf8mb4_unicode_ci NOT NULL,
  `orderQuantity` varchar(191) COLLATE utf8mb4_unicode_ci NOT NULL,
  PRIMARY KEY (`id`),
  KEY `OrderItem_orderId_idx` (`orderId`),
  KEY `OrderItem_productId_idx` (`productId`),
  CONSTRAINT `OrderItem_orderId_fkey` FOREIGN KEY (`orderId`) REFERENCES `order` (`id`) ON DELETE RESTRICT ON UPDATE CASCADE,
  CONSTRAINT `OrderItem_productId_fkey` FOREIGN KEY (`productId`) REFERENCES `product` (`id`) ON DELETE RESTRICT ON UPDATE CASCADE
) ENGINE=InnoDB DEFAULT CHARSET=utf8mb4 COLLATE=utf8mb4_unicode_ci;
/*!40101 SET character_set_client = @saved_cs_client */;

--
-- Dumping data for table `orderitem`
--

LOCK TABLES `orderitem` WRITE;
/*!40000 ALTER TABLE `orderitem` DISABLE KEYS */;
INSERT INTO `orderitem` VALUES ('00d3e0b9-54c5-4b13-8da3-54393d045c60','3be78469-e726-462a-84bd-f0128eb9b795','1f508241-add3-40aa-aca8-ff9105277d7a','3'),('012e6017-5e13-4394-8a1a-4d66805a4361','e4585327-f93d-41f9-bffc-3f9970aa0b0b','1e1e65f3-9933-4586-a83f-356e339c6290','5'),('0e1300d9-3907-49a7-9571-f5a487ce4482','3f926eef-6554-4a82-828f-d2106aec25f5','1e1e65f3-9933-4586-a83f-356e339c6290','5'),('10dfbe75-2b22-44a4-85b0-2f659df65ce5','cd4e7103-ac0e-408d-9077-3ec0900ba78d','1e1e65f3-9933-4586-a83f-356e339c6290','3'),('112849f7-e0e1-49f7-aeb8-5679d831339d','3edaf1d1-1aa5-485e-923d-efda2ab2d268','1f508241-add3-40aa-aca8-ff9105277d7a','4'),('163f926e-1bdb-437b-afe0-3be6891e6e0b','aa31de06-c85e-4617-9b7d-da3dafe1799c','b802ed56-8ae8-43cb-b0f6-507a45ca204a','3'),('205d3b0f-d182-4b17-90dc-f40a89697d0a','69c3cb7b-7bb3-4c8c-873a-bcb5286471f7','1e1e65f3-9933-4586-a83f-356e339c6290','3'),('2204b2bb-e862-4c64-a9cb-b6f5baaac3bd','0d87cf3f-c421-448b-8ae9-1b41eb40e02c','b802ed56-8ae8-43cb-b0f6-507a45ca204a','3'),('2366ecbd-76df-4299-878c-790254a47530','efded02c-8d5b-4786-a0c2-f4106b97b083','6c64bb60-dd2f-425c-93ae-11f4cfe6fe44','4'),('2c80150f-2a67-4989-8738-3cca5738b79b','28592ac7-f20a-453b-a92b-8023d04d8a5c','a6901eae-faff-49e9-ac39-b6e7fd29cca8','3'),('36f1411a-99a3-4f6f-a9f6-d8dc701f2e30','0d87cf3f-c421-448b-8ae9-1b41eb40e02c','b7ccb856-e96e-462e-92b6-685bc8f7a531','3'),('3f3bd402-4e49-464c-b723-a94a2f19148f','4c5cb3d7-c7a7-471d-bec4-c18197321865','95d99c65-7994-43bc-a33f-13baf68cad4e','3'),('52b24a18-2755-4142-8559-9b46f2754aae','f50d1523-1fd5-41a0-9393-22f97bf913f3','1f508241-add3-40aa-aca8-ff9105277d7a','2'),('639d0829-4fc7-436c-9eab-523010caadf7','7ff8f2ae-ef2a-405a-845d-b25b01e1e811','1e1e65f3-9933-4586-a83f-356e339c6290','2'),('64ce58b4-2215-4b3c-aa3d-50f1a41d20d7','15d6ff55-45f1-4118-aba5-82b9ba840206','1e1e65f3-9933-4586-a83f-356e339c6290','3'),('71ff916d-454e-4ba4-9023-ab8accb5d117','6cf37895-b03b-4db3-908e-0f6acc0ad54e','824b6991-cebf-4a32-b3ea-d194b9675a05','3'),('7279e64a-3818-4e4d-9077-bcc0937dffdb','11e3bad0-75b7-4211-b0fb-5ad9e74a32b5','95d99c65-7994-43bc-a33f-13baf68cad4e','3'),('73cc6df6-6998-4c6c-b613-a4063f949c57','ca578fe1-566d-4190-a3eb-d79729feaa35','1e1e65f3-9933-4586-a83f-356e339c6290','3'),('767b39ad-30a7-4bbd-bab5-7e0d44e98e1e','58e37a3d-031f-4629-b851-9558ed6fb398','1e1e65f3-9933-4586-a83f-356e339c6290','3'),('76c27f27-dd3f-4b2f-8cd5-029ac062c08d','710bf139-e48e-4af0-8732-66b071b2077c','1195e78d-dd22-4b51-84e4-eab025a331aa','3'),('82b05664-d7d2-40eb-9d2d-c7312caa5307','02cef664-e4e5-4f94-904f-354d10d397f8','1f508241-add3-40aa-aca8-ff9105277d7a','3'),('83471ad5-da9d-4af0-8edc-384cd5232016','6b9da8be-7072-4bfb-902a-8e5eb9483350','1f508241-add3-40aa-aca8-ff9105277d7a','3'),('921e50f4-278b-4023-ae41-def82c2ee197','d1bbffd4-1037-49dc-b0ba-1d2c2981d960','1e1e65f3-9933-4586-a83f-356e339c6290','4'),('94add641-4ec6-434c-b989-adb700390ee3','6254440e-a62b-4023-9bec-552f3d04db47','1e1e65f3-9933-4586-a83f-356e339c6290','3'),('951d7746-a5a4-48ff-9d90-93cbb1ec9603','8b2e955f-d744-43e4-a03d-80a185e3b0e2','1f508241-add3-40aa-aca8-ff9105277d7a','2'),('99562641-24ad-44fb-ae9d-cfc0a805aa80','a7153678-e934-4f41-a562-b52014ec48e9','1e1e65f3-9933-4586-a83f-356e339c6290','1'),('9aa478d2-684e-4b9f-861a-ba8d01044c20','d6444f73-6c0c-4465-a790-c46ef73497fc','1f508241-add3-40aa-aca8-ff9105277d7a','2'),('9e63dfde-098d-4794-b892-bcd4a2ffc6a1','6cf37895-b03b-4db3-908e-0f6acc0ad54e','1f508241-add3-40aa-aca8-ff9105277d7a','1'),('b24bf2e0-52c0-4042-bfd6-e7a23819035c','62d2e1da-ec1e-412c-9521-4699a73695a6','1f508241-add3-40aa-aca8-ff9105277d7a','4'),('b693720b-2fb6-499b-99c9-6c711ce175d4','a1000bf2-2191-4ea6-addb-30114f74a11e','a6f2a1a3-6d62-4dc2-82ec-57c0d2587b3c','3'),('be9209db-1e89-4d35-8654-e092dd2169b2','02cef664-e4e5-4f94-904f-354d10d397f8','1e1e65f3-9933-4586-a83f-356e339c6290','3'),('c4a83436-e02a-4dc4-8ee7-3dd394429a73','aa31de06-c85e-4617-9b7d-da3dafe1799c','b7ccb856-e96e-462e-92b6-685bc8f7a531','3'),('d2804279-adac-4159-9451-3616dcae054c','e86acbf7-6c2c-41f6-b4b4-7e04848468ef','1e1e65f3-9933-4586-a83f-356e339c6290','3'),('d4c35ef2-3d99-43c6-b834-03ef126c9791','6cf37895-b03b-4db3-908e-0f6acc0ad54e','1e1e65f3-9933-4586-a83f-356e339c6290','3'),('d550ec5f-5304-4be0-a9ef-806799bb983d','98898402-3c75-4f60-ba2b-f5403c77ebdd','1e1e65f3-9933-4586-a83f-356e339c6290','3'),('da76bc6f-61c0-4861-b3f5-78b75b47dc2c','ba8b19dd-46a4-4d08-8090-d749db4770b0','1e1e65f3-9933-4586-a83f-356e339c6290','3'),('e436f595-cff3-4364-ae02-3d2bf336ee56','d6444f73-6c0c-4465-a790-c46ef73497fc','1e1e65f3-9933-4586-a83f-356e339c6290','3'),('e95298fa-d90c-42d9-8228-5b5e5be86d37','d3ee5c8d-7892-4206-a0b3-85aca45e463b','1e1e65f3-9933-4586-a83f-356e339c6290','1'),('ea0c2327-6efb-4533-909e-2b78040e2aa8','58e37a3d-031f-4629-b851-9558ed6fb398','1f508241-add3-40aa-aca8-ff9105277d7a','2'),('ea0ea33b-dcd9-42dc-8d33-9112dbc34e9e','0c627f49-61c7-4399-88f9-251cbc192b0e','1f508241-add3-40aa-aca8-ff9105277d7a','2'),('f871bc85-8710-49fe-b2e0-82e217e84ab1','15d6ff55-45f1-4118-aba5-82b9ba840206','1f508241-add3-40aa-aca8-ff9105277d7a','3'),('fd8a357d-0b75-474c-b1b8-f0414b9d48b6','9cdcd2b1-f965-444f-b189-5e3ebfb14c3b','1e1e65f3-9933-4586-a83f-356e339c6290','4');
/*!40000 ALTER TABLE `orderitem` ENABLE KEYS */;
UNLOCK TABLES;

--
-- Table structure for table `product`
--

DROP TABLE IF EXISTS `product`;
/*!40101 SET @saved_cs_client     = @@character_set_client */;
/*!50503 SET character_set_client = utf8mb4 */;
CREATE TABLE `product` (
  `id` varchar(191) COLLATE utf8mb4_unicode_ci NOT NULL,
  `storeId` varchar(191) COLLATE utf8mb4_unicode_ci NOT NULL,
  `categoryId` varchar(191) COLLATE utf8mb4_unicode_ci NOT NULL,
  `name` varchar(191) COLLATE utf8mb4_unicode_ci NOT NULL,
  `description` longtext COLLATE utf8mb4_unicode_ci NOT NULL,
  `price` decimal(65,30) NOT NULL,
  `isFeatured` tinyint(1) NOT NULL DEFAULT '0',
  `isArchived` tinyint(1) NOT NULL DEFAULT '0',
  `authorId` varchar(191) COLLATE utf8mb4_unicode_ci NOT NULL,
  `publisherId` varchar(191) COLLATE utf8mb4_unicode_ci NOT NULL,
  `createdAt` datetime(3) NOT NULL DEFAULT CURRENT_TIMESTAMP(3),
  `updatedAt` datetime(3) NOT NULL,
  PRIMARY KEY (`id`),
  KEY `Product_storeId_idx` (`storeId`),
  KEY `Product_categoryId_idx` (`categoryId`),
  KEY `Product_authorId_idx` (`authorId`),
  KEY `Product_publisherId_idx` (`publisherId`),
  CONSTRAINT `Product_authorId_fkey` FOREIGN KEY (`authorId`) REFERENCES `author` (`id`) ON DELETE RESTRICT ON UPDATE CASCADE,
  CONSTRAINT `Product_categoryId_fkey` FOREIGN KEY (`categoryId`) REFERENCES `category` (`id`) ON DELETE RESTRICT ON UPDATE CASCADE,
  CONSTRAINT `Product_publisherId_fkey` FOREIGN KEY (`publisherId`) REFERENCES `publisher` (`id`) ON DELETE RESTRICT ON UPDATE CASCADE,
  CONSTRAINT `Product_storeId_fkey` FOREIGN KEY (`storeId`) REFERENCES `store` (`id`) ON DELETE RESTRICT ON UPDATE CASCADE
) ENGINE=InnoDB DEFAULT CHARSET=utf8mb4 COLLATE=utf8mb4_unicode_ci;
/*!40101 SET character_set_client = @saved_cs_client */;

--
-- Dumping data for table `product`
--

LOCK TABLES `product` WRITE;
/*!40000 ALTER TABLE `product` DISABLE KEYS */;
INSERT INTO `product` VALUES ('04e0c0c4-764a-4dd7-822b-68508d2ed5d2','831ff912-09c5-4d6f-93d5-016aefb97217','df975487-ddc8-44b5-a591-8e1c45a0dc83','Blue Lock - Vol 21','Yoichi Isagi lost the opportunity to go to the national high school championships because he passed to his teammate who missed instead of shooting himself. Isagi is one of 300 U-18 strikers chosen by Jinpachi Ego, a man who was hired by the Japan Football Association after the 2018 FIFA World Cup, to guide Japan to winning the World Cup by destroying Japanese football. Ego\'s plan is to isolate the 300 strikers into a prison-like institution called \"Blue Lock\", in order to create the world\'s biggest \"egotist\"/striker, which has been lacking in Japanese football.',35000.000000000000000000000000000000,1,0,'3c919b0b-8d7a-43b3-8441-e2111edc2a7c','3d810a29-1b2f-4fde-8fd6-acaf0aafe87d','2023-12-08 02:24:30.404','2023-12-08 02:57:39.956'),('10fab9bd-2002-4497-a6b6-2bcb7afba6ec','831ff912-09c5-4d6f-93d5-016aefb97217','b9923b1f-c4e1-4644-a435-dbb9d6e3ebd2','One Piece - Vol 104','As a child, Monkey D. Luffy dreamed of becoming King of the Pirates. But his life changed when he accidentally ate the Gum-Gum Fruit, an enchanted Devil Fruit that gave him the ability to stretch like rubber. Its only drawback? He\'ll never be able to swim again--a serious handicap for an aspiring sea dog! Years later, Luffy sets off on his quest to find the \"One Piece,\" said to be the greatest treasure in the world...',162000.000000000000000000000000000000,0,0,'65e6d2d4-9ea3-4957-883e-5395792c38b8','dbe3f8b4-f287-4261-b49a-7b2b7636014d','2023-12-08 05:09:50.007','2023-12-08 05:09:50.007'),('1195e78d-dd22-4b51-84e4-eab025a331aa','831ff912-09c5-4d6f-93d5-016aefb97217','3ddd5d24-7137-44ab-bfff-54d335452ed9','Detective Conan 100+ Plus SDB','Shinichi Kudo is a detective studying at Teitan High School. Good at sports and especially intelligent, Shinichi is trusted by the police to help them in many difficult investigations.\n\nDuring a trip to the park \"Tropical\" with her friend Ran Mori, he was involved in a horrific murder case on the express train in the park. Curious with two passengers in suspicious looks, Shinichi followed without suspecting that it was a member of an international Mafia organization.\n\nDiscovered, the black man defeated Shinichi and gave him the poison APTX 4869 to mourn, but accidentally turned the detective into a seven-year-old boy. Determined to unmask the criminals who had harmed him, Shinichi returned to the case as a detective, Edogawa Conan.',275000.000000000000000000000000000000,1,0,'a35cb704-7dc1-41ed-a558-411e553992e5','3d810a29-1b2f-4fde-8fd6-acaf0aafe87d','2023-12-08 02:33:07.554','2023-12-08 02:33:07.554'),('1bed4ecc-9531-477e-b33f-21dba4a0abc0','831ff912-09c5-4d6f-93d5-016aefb97217','df975487-ddc8-44b5-a591-8e1c45a0dc83','Blue Box - Vol 3','Taiki Inomata is on the boys\' badminton team at sports powerhouse Eimei Junior and Senior High. He\'s in love with basketball player Chinatsu Kano, the older girl he trains alongside every morning in the gym. One Spring day, their relationship takes a sharp turn ... And thus begins this brand-new series of love, sports and youth!',145000.000000000000000000000000000000,0,0,'73342e63-1702-4316-94a8-cc3617f25754','dbe3f8b4-f287-4261-b49a-7b2b7636014d','2023-12-08 02:18:53.768','2023-12-08 06:12:57.633'),('1e1e65f3-9933-4586-a83f-356e339c6290','831ff912-09c5-4d6f-93d5-016aefb97217','df975487-ddc8-44b5-a591-8e1c45a0dc83','Blue Lock - Vol 17','Yoichi Isagi lost the opportunity to go to the national high school championships because he passed to his teammate who missed instead of shooting himself. Isagi is one of 300 U-18 strikers chosen by Jinpachi Ego, a man who was hired by the Japan Football Association after the 2018 FIFA World Cup, to guide Japan to winning the World Cup by destroying Japanese football. Ego\'s plan is to isolate the 300 strikers into a prison-like institution called \"Blue Lock\", in order to create the world\'s biggest \"egotist\"/striker, which has been lacking in Japanese football.',20000.000000000000000000000000000000,1,0,'3c919b0b-8d7a-43b3-8441-e2111edc2a7c','3d810a29-1b2f-4fde-8fd6-acaf0aafe87d','2023-12-05 12:00:23.175','2023-12-08 02:39:03.415'),('1f508241-add3-40aa-aca8-ff9105277d7a','831ff912-09c5-4d6f-93d5-016aefb97217','3ddd5d24-7137-44ab-bfff-54d335452ed9','Detective Conan - Vol 100','Shinichi Kudo is a detective studying at Teitan High School. Good at sports and especially intelligent, Shinichi is trusted by the police to help them in many difficult investigations.\n\nDuring a trip to the park \"Tropical\" with her friend Ran Mori, he was involved in a horrific murder case on the express train in the park. Curious with two passengers in suspicious looks, Shinichi followed without suspecting that it was a member of an international Mafia organization.\n\nDiscovered, the black man defeated Shinichi and gave him the poison APTX 4869 to mourn, but accidentally turned the detective into a seven-year-old boy. Determined to unmask the criminals who had harmed him, Shinichi returned to the case as a detective, Edogawa Conan.',25000.000000000000000000000000000000,1,0,'a35cb704-7dc1-41ed-a558-411e553992e5','3d810a29-1b2f-4fde-8fd6-acaf0aafe87d','2023-12-05 13:39:12.841','2023-12-08 02:04:58.718'),('1fbc9c28-9e53-40b2-967f-1ff7c4a871e3','831ff912-09c5-4d6f-93d5-016aefb97217','1cff90d1-19b0-4fcb-9a79-9a7e860ef6ae','One Punch Man - Vol 27','Nothing about Saitama passes the eyeball test when it comes to superheroes, from his lifeless expression to his bald head to his unimpressive physique. However, this average-looking guy has a not-so-average problem—he just can’t seem to find an opponent strong enough to take on!',173000.000000000000000000000000000000,0,0,'52f3f196-8dc3-4840-b301-54a8a82adf31','dbe3f8b4-f287-4261-b49a-7b2b7636014d','2023-12-08 05:19:25.702','2023-12-08 05:19:25.702'),('288117bc-2341-4bee-bce9-8f2119d8d7c9','831ff912-09c5-4d6f-93d5-016aefb97217','1cff90d1-19b0-4fcb-9a79-9a7e860ef6ae','Solo Leveling - Vol 7','Known as the the Weakest Hunter of All Mankind, E-rank hunter Jinwoo Sung’s contribution to raids amounts to trying not to get killed. Unfortunately, between his mother’s hospital bills, his sister’s tuition, and his own lack of job prospects, he has no choice but to continue to put his life on the line. So when an opportunity arises for a bigger payout, he takes it…only to come face-to-face with a being whose power outranks anything he’s ever seen! With the party leader missing an arm and the only healer a quivering mess, can Jinwoo some­how find them a way out?',88000.000000000000000000000000000000,1,0,'6316882d-8a6a-476f-9ba3-297f8c8d467b','3d810a29-1b2f-4fde-8fd6-acaf0aafe87d','2023-12-08 05:25:00.274','2023-12-08 05:25:00.274'),('2918a00f-5763-43b5-925a-f1ca79e5820e','831ff912-09c5-4d6f-93d5-016aefb97217','fa29dcad-b5b1-4940-8a71-8182edfe4692','Horimiya - Vol 17','At school, Kyouko Hori is known for being smart, attractive, and popular. On the other hand, her classmate, the boring, gloomy Izumi Miyamura tends to get painted as a \"loser fanboy.\" But when a liberally pierced and tattooed (not to mention downright gorgeous) Miyamura appears unexpectedly on the doorstep of secretly plain-Jane homebody Hori, these two similarly dissimilar teenagers discover that there are multiple sides to every story...and person!',234000.000000000000000000000000000000,1,0,'05b92a38-1ba6-4205-ad42-040868bb8d8c','96968dc6-5149-490d-ba7c-8584460f0717','2023-12-08 05:31:03.392','2023-12-08 05:33:27.942'),('3c9638e0-d954-451c-9804-364d64b93dad','831ff912-09c5-4d6f-93d5-016aefb97217','8b210065-5a98-4cc5-a572-8696daf40b1a','Spy X Family - Vol 1','Master spy Twilight is unparalleled when it comes to going undercover on dangerous missions for the betterment of the world. But when he receives the ultimate assignment—to get married and have a kid—he may finally be in over his head!',30000.000000000000000000000000000000,1,0,'05744186-e83f-42d3-8999-ebb5225b0d2d','3d810a29-1b2f-4fde-8fd6-acaf0aafe87d','2023-12-08 03:58:28.165','2023-12-08 05:27:08.610'),('49c782e5-f4d0-4cec-9e61-bdf02d7df602','831ff912-09c5-4d6f-93d5-016aefb97217','3ddd5d24-7137-44ab-bfff-54d335452ed9','Detective Conan - Vol 103','Shinichi Kudo is a detective studying at Teitan High School. Good at sports and especially intelligent, Shinichi is trusted by the police to help them in many difficult investigations.\n\nDuring a trip to the park \"Tropical\" with her friend Ran Mori, he was involved in a horrific murder case on the express train in the park. Curious with two passengers in suspicious looks, Shinichi followed without suspecting that it was a member of an international Mafia organization.\n\nDiscovered, the black man defeated Shinichi and gave him the poison APTX 4869 to mourn, but accidentally turned the detective into a seven-year-old boy. Determined to unmask the criminals who had harmed him, Shinichi returned to the case as a detective, Edogawa Conan.',120000.000000000000000000000000000000,0,0,'a35cb704-7dc1-41ed-a558-411e553992e5','3d810a29-1b2f-4fde-8fd6-acaf0aafe87d','2023-12-08 02:29:58.757','2023-12-08 02:30:53.406'),('5714a769-2084-4f40-81d5-253d20746742','831ff912-09c5-4d6f-93d5-016aefb97217','c5358aeb-d275-4589-a68f-5561dc0b0a62','Dragon Ball Super - Vol 20','Ever since Goku became Earth’s greatest hero and gathered the seven Dragon Balls to defeat the evil Boo, his life on Earth has grown a little dull. But new threats loom overhead, and Goku and his friends will have to defend the planet once again in this continuation of Akira Toriyama’s best-selling series, Dragon Ball!',142000.000000000000000000000000000000,1,0,'b063c34c-81f8-4e64-a377-735974c65040','dbe3f8b4-f287-4261-b49a-7b2b7636014d','2023-12-08 02:53:00.770','2023-12-08 02:53:00.770'),('6701b8f0-88f7-46df-bf2b-9eabd7f0c71b','831ff912-09c5-4d6f-93d5-016aefb97217','1cff90d1-19b0-4fcb-9a79-9a7e860ef6ae','One Punch Man - Vol 18','Nothing about Saitama passes the eyeball test when it comes to superheroes, from his lifeless expression to his bald head to his unimpressive physique. However, this average-looking guy has a not-so-average problem—he just can’t seem to find an opponent strong enough to take on!',149000.000000000000000000000000000000,1,0,'52f3f196-8dc3-4840-b301-54a8a82adf31','dbe3f8b4-f287-4261-b49a-7b2b7636014d','2023-12-08 05:18:32.172','2023-12-08 05:18:32.172'),('6c64bb60-dd2f-425c-93ae-11f4cfe6fe44','831ff912-09c5-4d6f-93d5-016aefb97217','8b210065-5a98-4cc5-a572-8696daf40b1a','Spy X Family - Vol 5','Master spy Twilight is unparalleled when it comes to going undercover on dangerous missions for the betterment of the world. But when he receives the ultimate assignment—to get married and have a kid—he may finally be in over his head!',25000.000000000000000000000000000000,1,0,'05744186-e83f-42d3-8999-ebb5225b0d2d','3d810a29-1b2f-4fde-8fd6-acaf0aafe87d','2023-12-08 05:28:00.738','2023-12-08 05:28:00.738'),('824b6991-cebf-4a32-b3ea-d194b9675a05','831ff912-09c5-4d6f-93d5-016aefb97217','df975487-ddc8-44b5-a591-8e1c45a0dc83','Blue Box - Vol 1','Taiki Inomata is on the boys\' badminton team at sports powerhouse Eimei Junior and Senior High. He\'s in love with basketball player Chinatsu Kano, the older girl he trains alongside every morning in the gym. One Spring day, their relationship takes a sharp turn ... And thus begins this brand-new series of love, sports and youth!',140000.000000000000000000000000000000,1,0,'73342e63-1702-4316-94a8-cc3617f25754','dbe3f8b4-f287-4261-b49a-7b2b7636014d','2023-12-04 02:52:12.331','2023-12-08 02:26:50.255'),('8ac4347b-db4c-44b5-8441-725c7cf2180f','831ff912-09c5-4d6f-93d5-016aefb97217','b9923b1f-c4e1-4644-a435-dbb9d6e3ebd2','One Piece - Vol 106','As a child, Monkey D. Luffy dreamed of becoming King of the Pirates. But his life changed when he accidentally ate the Gum-Gum Fruit, an enchanted Devil Fruit that gave him the ability to stretch like rubber. Its only drawback? He\'ll never be able to swim again--a serious handicap for an aspiring sea dog! Years later, Luffy sets off on his quest to find the \"One Piece,\" said to be the greatest treasure in the world...',162000.000000000000000000000000000000,0,0,'65e6d2d4-9ea3-4957-883e-5395792c38b8','dbe3f8b4-f287-4261-b49a-7b2b7636014d','2023-12-08 05:09:12.278','2023-12-08 05:09:12.278'),('95d99c65-7994-43bc-a33f-13baf68cad4e','831ff912-09c5-4d6f-93d5-016aefb97217','c5358aeb-d275-4589-a68f-5561dc0b0a62','Dragon Ball Super - Vol 19','Ever since Goku became Earth’s greatest hero and gathered the seven Dragon Balls to defeat the evil Boo, his life on Earth has grown a little dull. But new threats loom overhead, and Goku and his friends will have to defend the planet once again in this continuation of Akira Toriyama’s best-selling series, Dragon Ball!',142000.000000000000000000000000000000,1,0,'b063c34c-81f8-4e64-a377-735974c65040','dbe3f8b4-f287-4261-b49a-7b2b7636014d','2023-12-08 02:53:45.783','2023-12-08 02:53:45.783'),('a687cc76-fa5d-45ab-97d4-ee44f2953692','831ff912-09c5-4d6f-93d5-016aefb97217','1cff90d1-19b0-4fcb-9a79-9a7e860ef6ae','Solo Leveling - Vol 3','Known as the the Weakest Hunter of All Mankind, E-rank hunter Jinwoo Sung’s contribution to raids amounts to trying not to get killed. Unfortunately, between his mother’s hospital bills, his sister’s tuition, and his own lack of job prospects, he has no choice but to continue to put his life on the line. So when an opportunity arises for a bigger payout, he takes it…only to come face-to-face with a being whose power outranks anything he’s ever seen! With the party leader missing an arm and the only healer a quivering mess, can Jinwoo some­how find them a way out?',88000.000000000000000000000000000000,1,0,'6316882d-8a6a-476f-9ba3-297f8c8d467b','3d810a29-1b2f-4fde-8fd6-acaf0aafe87d','2023-12-08 05:23:10.246','2023-12-08 05:23:10.246'),('a6901eae-faff-49e9-ac39-b6e7fd29cca8','831ff912-09c5-4d6f-93d5-016aefb97217','14eb3e7e-55ea-4d8f-8647-b67f95131150','My Hero Academia - Vol 22','Middle school student Izuku Midoriya wants to be a hero more than anything, but he hasn’t got an ounce of power in him. With no chance of ever getting into the prestigious U.A. High School for budding heroes, his life is looking more and more like a dead end. Then an encounter with All Might, the greatest hero of them all, gives him a chance to change his destiny…',25000.000000000000000000000000000000,1,0,'7b2531a3-9f12-4285-aba6-d5b9304cde32','3d810a29-1b2f-4fde-8fd6-acaf0aafe87d','2023-12-08 05:43:15.232','2023-12-08 05:43:15.232'),('a6f2a1a3-6d62-4dc2-82ec-57c0d2587b3c','831ff912-09c5-4d6f-93d5-016aefb97217','14eb3e7e-55ea-4d8f-8647-b67f95131150','Doraemon - Vol 2','Doraemon, a cat robot, traveled back in time from the 22nd century to watch over Noby who’s a good kid but terrible at sports, never studies, and has an incredible capacity for slacking off. Doraemon tries to help Noby with nice but often unpredictable gadgets from his 4th dimensional pocket as Noby’s clumsy and always getting into trouble. Can Doraemon solve the problems and change Noby’s fortune for the better?',30000.000000000000000000000000000000,1,0,'520f4997-372c-4cb1-a59f-213db7344b5c','3d810a29-1b2f-4fde-8fd6-acaf0aafe87d','2023-12-08 05:47:22.369','2023-12-08 05:47:22.369'),('a81526d3-5c29-484e-9747-ae3e0a3e66e3','831ff912-09c5-4d6f-93d5-016aefb97217','b9923b1f-c4e1-4644-a435-dbb9d6e3ebd2','One Piece - Vol 3','As a child, Monkey D. Luffy dreamed of becoming King of the Pirates. But his life changed when he accidentally ate the Gum-Gum Fruit, an enchanted Devil Fruit that gave him the ability to stretch like rubber. Its only drawback? He\'ll never be able to swim again--a serious handicap for an aspiring sea dog! Years later, Luffy sets off on his quest to find the \"One Piece,\" said to be the greatest treasure in the world...',130000.000000000000000000000000000000,1,0,'65e6d2d4-9ea3-4957-883e-5395792c38b8','dbe3f8b4-f287-4261-b49a-7b2b7636014d','2023-12-08 05:07:43.331','2023-12-08 05:07:43.331'),('a91e7241-4f70-4bbf-9813-63ec25388dc7','831ff912-09c5-4d6f-93d5-016aefb97217','c5358aeb-d275-4589-a68f-5561dc0b0a62','Demon Slayer - Vol 23','In Taisho-era Japan, kindhearted Tanjiro Kamado makes a living selling charcoal. But his peaceful life is shattered when a demon slaughters his entire family. His little sister Nezuko is the only survivor, but she has been transformed into a demon herself! Tanjiro sets out on a dangerous journey to find a way to return his sister to normal and destroy the demon who ruined his life.',30000.000000000000000000000000000000,1,0,'082b9094-c7a9-4014-9c17-2d5241c6c1ea','3d810a29-1b2f-4fde-8fd6-acaf0aafe87d','2023-12-08 02:48:13.235','2023-12-08 02:48:13.235'),('b4711d8e-3aab-4ac7-b11a-f96c48fbd4ad','831ff912-09c5-4d6f-93d5-016aefb97217','1cff90d1-19b0-4fcb-9a79-9a7e860ef6ae','One Punch Man - Vol 26','Nothing about Saitama passes the eyeball test when it comes to superheroes, from his lifeless expression to his bald head to his unimpressive physique. However, this average-looking guy has a not-so-average problem—he just can’t seem to find an opponent strong enough to take on!',152000.000000000000000000000000000000,1,0,'52f3f196-8dc3-4840-b301-54a8a82adf31','dbe3f8b4-f287-4261-b49a-7b2b7636014d','2023-12-08 05:20:13.171','2023-12-08 05:20:13.171'),('b55d4df3-9195-4b6c-a88a-138d5d782dc9','831ff912-09c5-4d6f-93d5-016aefb97217','df975487-ddc8-44b5-a591-8e1c45a0dc83','Blue Lock - Vol 24','Yoichi Isagi lost the opportunity to go to the national high school championships because he passed to his teammate who missed instead of shooting himself. Isagi is one of 300 U-18 strikers chosen by Jinpachi Ego, a man who was hired by the Japan Football Association after the 2018 FIFA World Cup, to guide Japan to winning the World Cup by destroying Japanese football. Ego\'s plan is to isolate the 300 strikers into a prison-like institution called \"Blue Lock\", in order to create the world\'s biggest \"egotist\"/striker, which has been lacking in Japanese football.',141000.000000000000000000000000000000,0,0,'3c919b0b-8d7a-43b3-8441-e2111edc2a7c','3d810a29-1b2f-4fde-8fd6-acaf0aafe87d','2023-12-08 02:23:13.796','2023-12-08 06:12:45.042'),('b7aae59f-74f3-4eb5-974c-434e4427c002','831ff912-09c5-4d6f-93d5-016aefb97217','b9923b1f-c4e1-4644-a435-dbb9d6e3ebd2','One Piece Comic Calendar 2023','One Piece Comic Calendar 2023',899000.000000000000000000000000000000,0,0,'65e6d2d4-9ea3-4957-883e-5395792c38b8','dbe3f8b4-f287-4261-b49a-7b2b7636014d','2023-12-08 05:12:59.595','2023-12-08 05:12:59.595'),('b7ccb856-e96e-462e-92b6-685bc8f7a531','831ff912-09c5-4d6f-93d5-016aefb97217','fa29dcad-b5b1-4940-8a71-8182edfe4692','Horimiya - Vol 16','At school, Kyouko Hori is known for being smart, attractive, and popular. On the other hand, her classmate, the boring, gloomy Izumi Miyamura tends to get painted as a \"loser fanboy.\" But when a liberally pierced and tattooed (not to mention downright gorgeous) Miyamura appears unexpectedly on the doorstep of secretly plain-Jane homebody Hori, these two similarly dissimilar teenagers discover that there are multiple sides to every story...and person!',35000.000000000000000000000000000000,1,0,'05b92a38-1ba6-4205-ad42-040868bb8d8c','96968dc6-5149-490d-ba7c-8584460f0717','2023-12-08 05:34:04.803','2023-12-08 05:34:04.803'),('b802ed56-8ae8-43cb-b0f6-507a45ca204a','831ff912-09c5-4d6f-93d5-016aefb97217','1cff90d1-19b0-4fcb-9a79-9a7e860ef6ae','Chainsaw man - Vol 3','Chain saw man vol 3',50000.000000000000000000000000000000,1,0,'3cf45bd5-a5cb-498f-8b0c-71ccddf8a49a','3d810a29-1b2f-4fde-8fd6-acaf0aafe87d','2023-12-08 07:29:53.858','2023-12-08 07:29:53.858'),('bf67920e-fdca-4d2b-879a-adceeefe471c','831ff912-09c5-4d6f-93d5-016aefb97217','b9923b1f-c4e1-4644-a435-dbb9d6e3ebd2','One Piece - Vol 100','As a child, Monkey D. Luffy dreamed of becoming King of the Pirates. But his life changed when he accidentally ate the Gum-Gum Fruit, an enchanted Devil Fruit that gave him the ability to stretch like rubber. Its only drawback? He\'ll never be able to swim again--a serious handicap for an aspiring sea dog! Years later, Luffy sets off on his quest to find the \"One Piece,\" said to be the greatest treasure in the world...',152000.000000000000000000000000000000,1,0,'65e6d2d4-9ea3-4957-883e-5395792c38b8','dbe3f8b4-f287-4261-b49a-7b2b7636014d','2023-12-08 05:10:37.275','2023-12-08 05:10:37.275'),('c7cafffa-3b87-4c73-9210-b97198fd6355','831ff912-09c5-4d6f-93d5-016aefb97217','c5358aeb-d275-4589-a68f-5561dc0b0a62','Demon Slayer - Vol 8','In Taisho-era Japan, kindhearted Tanjiro Kamado makes a living selling charcoal. But his peaceful life is shattered when a demon slaughters his entire family. His little sister Nezuko is the only survivor, but she has been transformed into a demon herself! Tanjiro sets out on a dangerous journey to find a way to return his sister to normal and destroy the demon who ruined his life.',30000.000000000000000000000000000000,0,0,'082b9094-c7a9-4014-9c17-2d5241c6c1ea','3d810a29-1b2f-4fde-8fd6-acaf0aafe87d','2023-12-08 02:49:31.808','2023-12-08 02:49:31.808'),('cf5ace4a-bb19-4731-b5e9-8d4912283207','831ff912-09c5-4d6f-93d5-016aefb97217','df975487-ddc8-44b5-a591-8e1c45a0dc83','Blue Box - Vol 4','Taiki Inomata is on the boys\' badminton team at sports powerhouse Eimei Junior and Senior High. He\'s in love with basketball player Chinatsu Kano, the older girl he trains alongside every morning in the gym. One Spring day, their relationship takes a sharp turn ... And thus begins this brand-new series of love, sports and youth!',140000.000000000000000000000000000000,0,0,'73342e63-1702-4316-94a8-cc3617f25754','dbe3f8b4-f287-4261-b49a-7b2b7636014d','2023-12-08 02:17:22.081','2023-12-08 02:17:22.081'),('d9ea6541-2998-4861-ae84-3259167e7a80','831ff912-09c5-4d6f-93d5-016aefb97217','fa29dcad-b5b1-4940-8a71-8182edfe4692','Horimiya - Vol 14','At school, Kyouko Hori is known for being smart, attractive, and popular. On the other hand, her classmate, the boring, gloomy Izumi Miyamura tends to get painted as a \"loser fanboy.\" But when a liberally pierced and tattooed (not to mention downright gorgeous) Miyamura appears unexpectedly on the doorstep of secretly plain-Jane homebody Hori, these two similarly dissimilar teenagers discover that there are multiple sides to every story...and person!',51000.000000000000000000000000000000,1,0,'05b92a38-1ba6-4205-ad42-040868bb8d8c','96968dc6-5149-490d-ba7c-8584460f0717','2023-12-08 05:34:46.270','2023-12-08 05:34:46.270'),('e08ee534-0c97-4595-8d72-ae81a6008f09','831ff912-09c5-4d6f-93d5-016aefb97217','14eb3e7e-55ea-4d8f-8647-b67f95131150','Doraemon - Vol 21','Doraemon, a cat robot, traveled back in time from the 22nd century to watch over Noby who’s a good kid but terrible at sports, never studies, and has an incredible capacity for slacking off. Doraemon tries to help Noby with nice but often unpredictable gadgets from his 4th dimensional pocket as Noby’s clumsy and always getting into trouble. Can Doraemon solve the problems and change Noby’s fortune for the better?',22000.000000000000000000000000000000,1,0,'520f4997-372c-4cb1-a59f-213db7344b5c','3d810a29-1b2f-4fde-8fd6-acaf0aafe87d','2023-12-08 05:48:12.425','2023-12-08 05:48:12.425'),('e9cbb7c5-7baa-4bff-8393-88705d43bd87','831ff912-09c5-4d6f-93d5-016aefb97217','1cff90d1-19b0-4fcb-9a79-9a7e860ef6ae','Solo Leveling - Vol 5','Known as the the Weakest Hunter of All Mankind, E-rank hunter Jinwoo Sung’s contribution to raids amounts to trying not to get killed. Unfortunately, between his mother’s hospital bills, his sister’s tuition, and his own lack of job prospects, he has no choice but to continue to put his life on the line. So when an opportunity arises for a bigger payout, he takes it…only to come face-to-face with a being whose power outranks anything he’s ever seen! With the party leader missing an arm and the only healer a quivering mess, can Jinwoo some­how find them a way out?',88000.000000000000000000000000000000,1,0,'6316882d-8a6a-476f-9ba3-297f8c8d467b','3d810a29-1b2f-4fde-8fd6-acaf0aafe87d','2023-12-08 05:24:28.561','2023-12-08 05:24:28.561'),('eabecad6-34a7-4e6f-b113-2384386a63bd','831ff912-09c5-4d6f-93d5-016aefb97217','3ddd5d24-7137-44ab-bfff-54d335452ed9','Detective Conan - Vol 101','Shinichi Kudo is a detective studying at Teitan High School. Good at sports and especially intelligent, Shinichi is trusted by the police to help them in many difficult investigations.\n\nDuring a trip to the park \"Tropical\" with her friend Ran Mori, he was involved in a horrific murder case on the express train in the park. Curious with two passengers in suspicious looks, Shinichi followed without suspecting that it was a member of an international Mafia organization.\n\nDiscovered, the black man defeated Shinichi and gave him the poison APTX 4869 to mourn, but accidentally turned the detective into a seven-year-old boy. Determined to unmask the criminals who had harmed him, Shinichi returned to the case as a detective, Edogawa Conan.',100000.000000000000000000000000000000,0,0,'a35cb704-7dc1-41ed-a558-411e553992e5','3d810a29-1b2f-4fde-8fd6-acaf0aafe87d','2023-12-08 02:31:28.984','2023-12-08 02:31:28.984'),('f97d00b5-d55c-415c-ade9-e8138ab6f3b5','831ff912-09c5-4d6f-93d5-016aefb97217','b9923b1f-c4e1-4644-a435-dbb9d6e3ebd2','One Piece - Vol 106','As a child, Monkey D. Luffy dreamed of becoming King of the Pirates. But his life changed when he accidentally ate the Gum-Gum Fruit, an enchanted Devil Fruit that gave him the ability to stretch like rubber. Its only drawback? He\'ll never be able to swim again--a serious handicap for an aspiring sea dog! Years later, Luffy sets off on his quest to find the \"One Piece,\" said to be the greatest treasure in the world...',130000.000000000000000000000000000000,1,0,'65e6d2d4-9ea3-4957-883e-5395792c38b8','dbe3f8b4-f287-4261-b49a-7b2b7636014d','2023-12-08 05:08:30.964','2023-12-08 05:08:30.964');
/*!40000 ALTER TABLE `product` ENABLE KEYS */;
UNLOCK TABLES;

--
-- Table structure for table `publisher`
--

DROP TABLE IF EXISTS `publisher`;
/*!40101 SET @saved_cs_client     = @@character_set_client */;
/*!50503 SET character_set_client = utf8mb4 */;
CREATE TABLE `publisher` (
  `id` varchar(191) COLLATE utf8mb4_unicode_ci NOT NULL,
  `storeId` varchar(191) COLLATE utf8mb4_unicode_ci NOT NULL,
  `name` varchar(191) COLLATE utf8mb4_unicode_ci NOT NULL,
  `createdAt` datetime(3) NOT NULL DEFAULT CURRENT_TIMESTAMP(3),
  `updatedAt` datetime(3) NOT NULL,
  PRIMARY KEY (`id`),
  KEY `Publisher_storeId_idx` (`storeId`),
  CONSTRAINT `Publisher_storeId_fkey` FOREIGN KEY (`storeId`) REFERENCES `store` (`id`) ON DELETE RESTRICT ON UPDATE CASCADE
) ENGINE=InnoDB DEFAULT CHARSET=utf8mb4 COLLATE=utf8mb4_unicode_ci;
/*!40101 SET character_set_client = @saved_cs_client */;

--
-- Dumping data for table `publisher`
--

LOCK TABLES `publisher` WRITE;
/*!40000 ALTER TABLE `publisher` DISABLE KEYS */;
INSERT INTO `publisher` VALUES ('3d810a29-1b2f-4fde-8fd6-acaf0aafe87d','831ff912-09c5-4d6f-93d5-016aefb97217','Kim Đồng','2023-12-04 02:51:17.592','2023-12-07 17:03:44.738'),('96968dc6-5149-490d-ba7c-8584460f0717','831ff912-09c5-4d6f-93d5-016aefb97217','IPM','2023-12-08 05:33:17.879','2023-12-08 05:33:17.879'),('dbe3f8b4-f287-4261-b49a-7b2b7636014d','831ff912-09c5-4d6f-93d5-016aefb97217','Shueisha','2023-12-05 13:35:13.163','2023-12-07 17:03:49.662');
/*!40000 ALTER TABLE `publisher` ENABLE KEYS */;
UNLOCK TABLES;

--
-- Table structure for table `store`
--

DROP TABLE IF EXISTS `store`;
/*!40101 SET @saved_cs_client     = @@character_set_client */;
/*!50503 SET character_set_client = utf8mb4 */;
CREATE TABLE `store` (
  `id` varchar(191) COLLATE utf8mb4_unicode_ci NOT NULL,
  `name` varchar(191) COLLATE utf8mb4_unicode_ci NOT NULL,
  `userId` varchar(191) COLLATE utf8mb4_unicode_ci NOT NULL,
  `createdAt` datetime(3) NOT NULL DEFAULT CURRENT_TIMESTAMP(3),
  `updatedAt` datetime(3) NOT NULL,
  PRIMARY KEY (`id`)
) ENGINE=InnoDB DEFAULT CHARSET=utf8mb4 COLLATE=utf8mb4_unicode_ci;
/*!40101 SET character_set_client = @saved_cs_client */;

--
-- Dumping data for table `store`
--

LOCK TABLES `store` WRITE;
/*!40000 ALTER TABLE `store` DISABLE KEYS */;
INSERT INTO `store` VALUES ('831ff912-09c5-4d6f-93d5-016aefb97217','UETruyen','user_2X46eUr3F9JVAhUZrZcaa2DPBPN','2023-12-04 02:50:02.725','2023-12-04 02:50:02.725'),('d13c2ae6-07b1-442c-8a10-2f4c1f8168f7','UETruyen','user_2X46eUr3F9JVAhUZrZcaa2DPBPN','2023-12-04 02:49:58.729','2023-12-04 02:49:58.729');
/*!40000 ALTER TABLE `store` ENABLE KEYS */;
UNLOCK TABLES;
/*!40103 SET TIME_ZONE=@OLD_TIME_ZONE */;

/*!40101 SET SQL_MODE=@OLD_SQL_MODE */;
/*!40014 SET FOREIGN_KEY_CHECKS=@OLD_FOREIGN_KEY_CHECKS */;
/*!40014 SET UNIQUE_CHECKS=@OLD_UNIQUE_CHECKS */;
/*!40101 SET CHARACTER_SET_CLIENT=@OLD_CHARACTER_SET_CLIENT */;
/*!40101 SET CHARACTER_SET_RESULTS=@OLD_CHARACTER_SET_RESULTS */;
/*!40101 SET COLLATION_CONNECTION=@OLD_COLLATION_CONNECTION */;
/*!40111 SET SQL_NOTES=@OLD_SQL_NOTES */;

-- Dump completed on 2024-05-11 22:39:52
